term,definition
Replace with term 1,Replace with the definition you will read aloud
Replace with term 2,"Commas are fine inside quotes, like this"
Replace with term 3,Replace with definition 3
Replace with term 4,Replace with definition 4
Replace with term 5,Replace with definition 5
Replace with term 6,Replace with definition 6
Replace with term 7,Replace with definition 7
Replace with term 8,Replace with definition 8
Replace with term 9,Replace with definition 9
Replace with term 10,Replace with definition 10
Replace with term 11,Replace with definition 11
Replace with term 12,Replace with definition 12
Replace with term 13,Replace with definition 13
Replace with term 14,Replace with definition 14
Replace with term 15,Replace with definition 15
Replace with term 16,Replace with definition 16
Replace with term 17,Replace with definition 17
Replace with term 18,Replace with definition 18
Replace with term 19,Replace with definition 19
Replace with term 20,Replace with definition 20
Replace with term 21,Replace with definition 21
Replace with term 22,Replace with definition 22
Replace with term 23,Replace with definition 23
Replace with term 24,Replace with definition 24
